{"KeyPath":"{bf1a281b-ad7b-4476-ac95-f47682990ce7}C:/WINDOWS/System32/config/systemprofile/ntuser.dat","KeyName":"{bf1a281b-ad7b-4476-ac95-f47682990ce7}C:/WINDOWS/System32/config/systemprofile/ntuser.dat","LastWriteTimestamp":"\/Date(1377186392432)\/","SubKeys":[{"KeyPath":"{bf1a281b-ad7b-4476-ac95-f47682990ce7}C:/WINDOWS/System32/config/systemprofile/ntuser.dat\\Control Panel","KeyName":"Control Panel","LastWriteTimestamp":"\/Date(1377186392369)\/","SubKeys":[{"KeyPath":"{bf1a281b-ad7b-4476-ac95-f47682990ce7}C:/WINDOWS/System32/config/systemprofile/ntuser.dat\\Control Panel\\International","KeyName":"International","LastWriteTimestamp":"\/Date(1377186392369)\/","SubKeys":[{"KeyPath":"{bf1a281b-ad7b-4476-ac95-f47682990ce7}C:/WINDOWS/System32/config/systemprofile/ntuser.dat\\Control Panel\\International\\Geo","KeyName":"Geo","LastWriteTimestamp":"\/Date(1377186392369)\/","SubKeys":[],"Values":[{"ValueName":"Nation","ValueType":"RegSz","ValueData":"244","DataRaw":"MgA0ADQAAAA=","Slack":"8AUAAA=="}]}],"Values":[{"ValueName":"Locale","ValueType":"RegSz","ValueData":"00000409","DataRaw":"MAAwADAAMAAwADQAMAA5AAAA","Slack":"AAA="},{"ValueName":"LocaleName","ValueType":"RegSz","ValueData":"en-US","DataRaw":"ZQBuAC0AVQBTAAAA","Slack":""},{"ValueName":"s1159","ValueType":"RegSz","ValueData":"AM","DataRaw":"QQBNAAAA","Slack":"AAAAAAAA"},{"ValueName":"s2359","ValueType":"RegSz","ValueData":"PM","DataRaw":"UABNAAAA","Slack":"AAAAAAAA"},{"ValueName":"sCountry","ValueType":"RegSz","ValueData":"United States","DataRaw":"VQBuAGkAdABlAGQAIABTAHQAYQB0AGUAcwAAAA==","Slack":""},{"ValueName":"sCurrency","ValueType":"RegSz","ValueData":"$","DataRaw":"JAAAAA==","Slack":""},{"ValueName":"sDate","ValueType":"RegSz","ValueData":"/","DataRaw":"LwAAAA==","Slack":""},{"ValueName":"sDecimal","ValueType":"RegSz","ValueData":".","DataRaw":"LgAAAA==","Slack":""},{"ValueName":"sGrouping","ValueType":"RegSz","ValueData":"3;0","DataRaw":"MwA7ADAAAAA=","Slack":"uAIAAA=="},{"ValueName":"sLanguage","ValueType":"RegSz","ValueData":"ENU","DataRaw":"RQBOAFUAAAA=","Slack":"uAIAAA=="},{"ValueName":"sList","ValueType":"RegSz","ValueData":",","DataRaw":"LAAAAA==","Slack":""},{"ValueName":"sLongDate","ValueType":"RegSz","ValueData":"dddd, MMMM d, yyyy","DataRaw":"ZABkAGQAZAAsACAATQBNAE0ATQAgAGQALAAgAHkAeQB5AHkAAAA=","Slack":"AAAAAAAA"},{"ValueName":"sMonDecimalSep","ValueType":"RegSz","ValueData":".","DataRaw":"LgAAAA==","Slack":""},{"ValueName":"sMonGrouping","ValueType":"RegSz","ValueData":"3;0","DataRaw":"MwA7ADAAAAA=","Slack":"AAAAAA=="},{"ValueName":"sMonThousandSep","ValueType":"RegSz","ValueData":",","DataRaw":"LAAAAA==","Slack":""},{"ValueName":"sNativeDigits","ValueType":"RegSz","ValueData":"0123456789","DataRaw":"MAAxADIAMwA0ADUANgA3ADgAOQAAAA==","Slack":"AAAAAAAA"},{"ValueName":"sNegativeSign","ValueType":"RegSz","ValueData":"-","DataRaw":"LQAAAA==","Slack":""},{"ValueName":"sPositiveSign","ValueType":"RegSz","ValueData":"","DataRaw":"AAA=","Slack":""},{"ValueName":"sShortDate","ValueType":"RegSz","ValueData":"M/d/yyyy","DataRaw":"TQAvAGQALwB5AHkAeQB5AAAA","Slack":"AAA="},{"ValueName":"sThousand","ValueType":"RegSz","ValueData":",","DataRaw":"LAAAAA==","Slack":""},{"ValueName":"sTime","ValueType":"RegSz","ValueData":":","DataRaw":"OgAAAA==","Slack":""},{"ValueName":"sTimeFormat","ValueType":"RegSz","ValueData":"h:mm:ss tt","DataRaw":"aAA6AG0AbQA6AHMAcwAgAHQAdAAAAA==","Slack":"AABABQAA"},{"ValueName":"sShortTime","ValueType":"RegSz","ValueData":"h:mm tt","DataRaw":"aAA6AG0AbQAgAHQAdAAAAA==","Slack":"0AQAAA=="},{"ValueName":"sYearMonth","ValueType":"RegSz","ValueData":"MMMM yyyy","DataRaw":"TQBNAE0ATQAgAHkAeQB5AHkAAAA=","Slack":""},{"ValueName":"iCalendarType","ValueType":"RegSz","ValueData":"1","DataRaw":"MQAAAA==","Slack":""},{"ValueName":"iCountry","ValueType":"RegSz","ValueData":"1","DataRaw":"MQAAAA==","Slack":""},{"ValueName":"iCurrDigits","ValueType":"RegSz","ValueData":"2","DataRaw":"MgAAAA==","Slack":""},{"ValueName":"iCurrency","ValueType":"RegSz","ValueData":"0","DataRaw":"MAAAAA==","Slack":""},{"ValueName":"iDate","ValueType":"RegSz","ValueData":"0","DataRaw":"MAAAAA==","Slack":""},{"ValueName":"iDigits","ValueType":"RegSz","ValueData":"2","DataRaw":"MgAAAA==","Slack":""},{"ValueName":"NumShape","ValueType":"RegSz","ValueData":"1","DataRaw":"MQAAAA==","Slack":""},{"ValueName":"iFirstDayOfWeek","ValueType":"RegSz","ValueData":"6","DataRaw":"NgAAAA==","Slack":""},{"ValueName":"iFirstWeekOfYear","ValueType":"RegSz","ValueData":"0","DataRaw":"MAAAAA==","Slack":""},{"ValueName":"iLZero","ValueType":"RegSz","ValueData":"1","DataRaw":"MQAAAA==","Slack":""},{"ValueName":"iMeasure","ValueType":"RegSz","ValueData":"1","DataRaw":"MQAAAA==","Slack":""},{"ValueName":"iNegCurr","ValueType":"RegSz","ValueData":"0","DataRaw":"MAAAAA==","Slack":""},{"ValueName":"iNegNumber","ValueType":"RegSz","ValueData":"1","DataRaw":"MQAAAA==","Slack":""},{"ValueName":"iPaperSize","ValueType":"RegSz","ValueData":"1","DataRaw":"MQAAAA==","Slack":""},{"ValueName":"iTime","ValueType":"RegSz","ValueData":"0","DataRaw":"MAAAAA==","Slack":""},{"ValueName":"iTimePrefix","ValueType":"RegSz","ValueData":"0","DataRaw":"MAAAAA==","Slack":""},{"ValueName":"iTLZero","ValueType":"RegSz","ValueData":"0","DataRaw":"MAAAAA==","Slack":""}]}],"Values":[]},{"KeyPath":"{bf1a281b-ad7b-4476-ac95-f47682990ce7}C:/WINDOWS/System32/config/systemprofile/ntuser.dat\\Keyboard Layout","KeyName":"Keyboard Layout","LastWriteTimestamp":"\/Date(1377186392432)\/","SubKeys":[{"KeyPath":"{bf1a281b-ad7b-4476-ac95-f47682990ce7}C:/WINDOWS/System32/config/systemprofile/ntuser.dat\\Keyboard Layout\\Preload","KeyName":"Preload","LastWriteTimestamp":"\/Date(1761797450253)\/","SubKeys":[],"Values":[{"ValueName":"1","ValueType":"RegSz","ValueData":"00000409","DataRaw":"MAAwADAAMAAwADQAMAA5AAAA","Slack":"AAA="}]},{"KeyPath":"{bf1a281b-ad7b-4476-ac95-f47682990ce7}C:/WINDOWS/System32/config/systemprofile/ntuser.dat\\Keyboard Layout\\Substitutes","KeyName":"Substitutes","LastWriteTimestamp":"\/Date(1377186392432)\/","SubKeys":[],"Values":[]}],"Values":[]},{"KeyPath":"{bf1a281b-ad7b-4476-ac95-f47682990ce7}C:/WINDOWS/System32/config/systemprofile/ntuser.dat\\Software","KeyName":"Software","LastWriteTimestamp":"\/Date(1377186392432)\/","SubKeys":[{"KeyPath":"{bf1a281b-ad7b-4476-ac95-f47682990ce7}C:/WINDOWS/System32/config/systemprofile/ntuser.dat\\Software\\Microsoft","KeyName":"Microsoft","LastWriteTimestamp":"\/Date(1377186392432)\/","SubKeys":[{"KeyPath":"{bf1a281b-ad7b-4476-ac95-f47682990ce7}C:/WINDOWS/System32/config/systemprofile/ntuser.dat\\Software\\Microsoft\\CTF","KeyName":"CTF","LastWriteTimestamp":"\/Date(1377186392432)\/","SubKeys":[{"KeyPath":"{bf1a281b-ad7b-4476-ac95-f47682990ce7}C:/WINDOWS/System32/config/systemprofile/ntuser.dat\\Software\\Microsoft\\CTF\\Assemblies","KeyName":"Assemblies","LastWriteTimestamp":"\/Date(1761797450253)\/","SubKeys":[{"KeyPath":"{bf1a281b-ad7b-4476-ac95-f47682990ce7}C:/WINDOWS/System32/config/systemprofile/ntuser.dat\\Software\\Microsoft\\CTF\\Assemblies\\0x00000409","KeyName":"0x00000409","LastWriteTimestamp":"\/Date(1761797450253)\/","SubKeys":[{"KeyPath":"{bf1a281b-ad7b-4476-ac95-f47682990ce7}C:/WINDOWS/System32/config/systemprofile/ntuser.dat\\Software\\Microsoft\\CTF\\Assemblies\\0x00000409\\{34745C63-B2F0-4784-8B67-5E12C8701A31}","KeyName":"{34745C63-B2F0-4784-8B67-5E12C8701A31}","LastWriteTimestamp":"\/Date(1761797450253)\/","SubKeys":[],"Values":[{"ValueName":"Default","ValueType":"RegSz","ValueData":"{00000000-0000-0000-0000-000000000000}","DataRaw":"ewAwADAAMAAwADAAMAAwADAALQAwADAAMAAwAC0AMAAwADAAMAAtADAAMAAwADAALQAwADAAMAAwADAAMAAwADAAMAAwADAAMAB9AAAA","Slack":"MAAwAH0A"},{"ValueName":"Profile","ValueType":"RegSz","ValueData":"{00000000-0000-0000-0000-000000000000}","DataRaw":"ewAwADAAMAAwADAAMAAwADAALQAwADAAMAAwAC0AMAAwADAAMAAtADAAMAAwADAALQAwADAAMAAwADAAMAAwADAAMAAwADAAMAB9AAAA","Slack":"AAAAAAAA"},{"ValueName":"KeyboardLayout","ValueType":"RegDword","ValueData":"67699721","DataRaw":"CQQJBA==","Slack":""}]}],"Values":[]}],"Values":[]},{"KeyPath":"{bf1a281b-ad7b-4476-ac95-f47682990ce7}C:/WINDOWS/System32/config/systemprofile/ntuser.dat\\Software\\Microsoft\\CTF\\HiddenDummyLayouts","KeyName":"HiddenDummyLayouts","LastWriteTimestamp":"\/Date(1377186392432)\/","SubKeys":[],"Values":[]},{"KeyPath":"{bf1a281b-ad7b-4476-ac95-f47682990ce7}C:/WINDOWS/System32/config/systemprofile/ntuser.dat\\Software\\Microsoft\\CTF\\TIP","KeyName":"TIP","LastWriteTimestamp":"\/Date(1377186392432)\/","SubKeys":[],"Values":[]}],"Values":[]}],"Values":[]}],"Values":[]}],"Values":[]}